序号,星标,关注理由,代码,名称,类型,交易所,最新价,涨跌幅,涨跌额,成交额,换手率,最新份额,流通市值,总市值,基金折价率,IOPV实时估值
263,★,折价机会,159316,港股通创新药ETF易方达,ETF,深交所,1.177,-1.75,-0.021,881415144.418,13.24,5670336256.0,6673985773.0,6673985773.0,0.39,1.1816
270,★,核心资产,159326,电网设备ETF华夏,ETF,深交所,1.687,0.9,0.015,519940658.873,2.47,12529265408.0,21136870743.0,21136870743.0,0.06,1.688
281,★,核心资产,159338,中证A500ETF国泰,ETF,深交所,1.224,0.58,0.007,3736112085.5,14.21,21527086592.0,26349153989.0,26349153989.0,0.02,1.2243
285,★,核心资产,159352,A500ETF南方,ETF,深交所,1.273,0.55,0.007,3554682540.054,10.21,27390101760.0,34867599540.0,34867599540.0,0.06,1.2738
293,★,核心资产,159361,A500ETF易方达,ETF,深交所,1.248,0.65,0.008,1490508672.58,5.21,22961090304.0,28655440699.0,28655440699.0,0.11,1.2494
337,★,核心资产,159516,半导体设备ETF国泰,ETF,深交所,0.729,-0.55,-0.004,3072436079.235,7.12,59000359936.0,43011262393.0,43011262393.0,-0.01,0.7289
373,★,核心资产,159558,半导体设备ETF易方达,ETF,深交所,1.145,-0.43,-0.005,1421140785.88,6.71,18461563904.0,21138490670.0,21138490670.0,-0.13,1.1435
381,★,折价机会,159567,港股创新药ETF银华,ETF,深交所,0.716,-1.92,-0.014,1040341761.4,13.42,10844729856.0,7764826577.0,7764826577.0,0.38,0.7187
384,★,核心+折价,159570,港股通创新药ETF汇添富,ETF,深交所,1.48,-1.92,-0.029,2186006153.584,8.6,17195597056.0,25449483643.0,25449483643.0,0.42,1.4863
550,★,核心+折价,159792,港股通互联网ETF富国,ETF,深交所,0.591,-1.01,-0.006,1690899156.65,4.16,69019856896.0,40790735426.0,40790735426.0,0.45,0.5937
568,★,核心资产,159819,人工智能ETF易方达,ETF,深交所,1.749,1.1,0.019,442180792.66,2.18,11663229696.0,20398988738.0,20398988738.0,0.15,1.7516
625,★,折价机会,159892,恒生医药ETF华夏,ETF,深交所,0.819,-0.85,-0.007,833260609.5,17.36,5891266048.0,4824946893.0,4824946893.0,0.5,0.8231
641,★,核心资产,159915,创业板ETF易方达,ETF,深交所,3.56,1.37,0.048,5821282043.892,8.9,18410455040.0,65541219942.0,65541219942.0,0.12,3.5642
644,★,核心资产,159919,沪深300ETF嘉实,ETF,深交所,4.888,0.64,0.031,722401941.887,2.36,6266016768.0,30628289962.0,30628289962.0,0.0,4.8879
654,★,核心资产,159934,黄金ETF易方达,ETF,深交所,9.806,1.68,0.162,1266919228.431,3.35,3879008992.0,38037562176.0,38037562176.0,-0.17,9.7895
657,★,核心资产,159937,黄金ETF博时,ETF,深交所,9.358,1.62,0.149,1051581977.9,2.38,4742722048.0,44382392925.0,44382392925.0,-0.02,9.3558
661,★,核心资产,159941,纳指ETF广发,ETF,深交所,1.635,-0.73,-0.012,889220437.652,2.42,22530610176.0,36837547638.0,36837547638.0,-10.59,1.4785
666,★,核心资产,159949,创业板50ETF华安,ETF,深交所,1.676,2.01,0.033,1671527729.102,6.69,14956785152.0,25067571915.0,25067571915.0,0.07,1.6772
695,★,核心资产,159995,芯片ETF华夏,ETF,深交所,1.159,0.7,0.008,614370129.498,2.24,23686126080.0,27452220127.0,27452220127.0,-0.07,1.1582
703,★,核心资产,510050,上证50ETF华夏,ETF,上交所,2.993,0.17,0.005,1267138642.0,6.1,6940566784.0,20773116385.0,20773116385.0,-0.01,2.9928
719,★,核心资产,510300,沪深300ETF华泰柏瑞,ETF,上交所,4.68,0.58,0.027,3400014848.0,3.05,23858587648.0,111658190193.0,111658190193.0,0.01,4.6805
720,★,核心资产,510310,沪深300ETF易方达,ETF,上交所,4.55,0.66,0.03,751762541.0,1.45,11433344000.0,52021715200.0,52021715200.0,-0.09,4.5459
722,★,核心资产,510330,沪深300ETF华夏,ETF,上交所,4.881,0.64,0.031,739216379.0,1.78,8501649920.0,41496553260.0,41496553260.0,-0.04,4.8791
729,★,核心资产,510500,中证500ETF南方,ETF,上交所,7.866,0.04,0.003,2249439867.0,5.55,5164568576.0,40624496419.0,40624496419.0,0.13,7.8765
750,★,核心资产,510880,红利ETF华泰柏瑞,ETF,上交所,3.387,0.15,0.005,461654711.0,2.26,6016675584.0,20378480203.0,20378480203.0,0.03,3.3879
770,★,核心资产,511880,银华日利ETF,ETF,上交所,100.731,0.0,0.004,19417471063.0,18.45,1044528496.0,105216399931.0,105216399931.0,-0.01,
779,★,核心资产,511990,华宝添益ETF,ETF,上交所,100.007,0.0,0.001,9484122177.0,11.41,831278400.0,83133658949.0,83133658949.0,-0.01,
780,★,核心资产,512000,券商ETF华宝,ETF,上交所,0.508,0.0,0.0,956304107.0,2.49,75673837568.0,38442309485.0,38442309485.0,0.12,0.5086
785,★,核心资产,512050,A500ETF华夏,ETF,上交所,1.219,0.66,0.008,1650339413.0,8.07,16801992192.0,20481628482.0,20481628482.0,0.03,1.2194
790,★,核心资产,512100,中证1000ETF南方,ETF,上交所,3.08,0.2,0.006,2490916987.0,11.05,7341217536.0,22610950011.0,22610950011.0,0.08,3.0824
796,★,核心资产,512170,医疗ETF华宝,ETF,上交所,0.349,-2.79,-0.01,719681286.0,2.82,72754819072.0,25391431856.0,25391431856.0,-0.14,0.3485
810,★,核心资产,512400,有色金属ETF南方,ETF,上交所,1.946,3.29,0.062,1482638369.0,5.86,13121539072.0,25534515034.0,25534515034.0,-0.06,1.9448
816,★,核心资产,512480,半导体ETF国联安,ETF,上交所,1.042,0.29,0.003,1104485990.0,5.5,19222007296.0,20029331602.0,20029331602.0,0.12,1.0432
845,★,核心资产,512880,证券ETF国泰,ETF,上交所,1.063,0.0,0.0,1126079249.0,1.8,59044291584.0,62764081954.0,62764081954.0,0.07,1.0637
846,★,核心资产,512890,红利低波ETF华泰柏瑞,ETF,上交所,1.176,-0.59,-0.007,604722662.0,1.83,28001110784.0,32929306282.0,32929306282.0,-0.09,1.1749
857,★,核心资产,513010,恒生科技ETF易方达,ETF,上交所,0.618,0.65,0.004,530587535.0,1.95,44430307072.0,27457929770.0,27457929770.0,0.26,0.6196
860,★,折价机会,513040,港股通互联网ETF易方达,ETF,上交所,0.954,-0.42,-0.004,578701229.0,8.81,6932341248.0,6613453551.0,6613453551.0,0.41,0.9579
861,★,核心+折价,513050,中概互联网ETF易方达,ETF,上交所,1.119,-1.06,-0.012,2326474274.0,6.13,33999432704.0,38045365196.0,38045365196.0,0.83,1.1284
862,★,折价机会,513060,恒生医疗ETF博时,ETF,上交所,0.591,-0.84,-0.005,598248729.0,11.35,8965393408.0,5298547504.0,5298547504.0,0.45,0.5937
865,★,核心+折价,513090,香港证券ETF易方达,ETF,上交所,1.827,0.72,0.013,2876485537.0,15.3,10312987904.0,18841828901.0,18841828901.0,0.52,1.8366
866,★,核心资产,513100,纳指ETF国泰,ETF,上交所,2.195,-0.77,-0.017,299752862.0,1.44,9465110528.0,20775917609.0,20775917609.0,-11.16,1.9747
868,★,核心资产,513120,港股创新药ETF广发,ETF,上交所,1.33,-0.97,-0.013,7265808562.0,26.58,20676135424.0,27499260114.0,27499260114.0,0.21,1.3328
869,★,核心资产,513130,恒生科技ETF华泰柏瑞,ETF,上交所,0.59,0.51,0.003,1896899148.0,5.76,56116347136.0,33108644810.0,33108644810.0,0.24,0.5914
872,★,折价机会,513160,港股科技ETF银华,ETF,上交所,0.99,0.2,0.002,162425958.0,4.98,3315189296.0,3282037403.0,3282037403.0,0.34,0.9934
874,★,核心+折价,513180,恒生科技ETF华夏,ETF,上交所,0.598,0.17,0.001,2274968487.0,5.49,69685760000.0,41672084480.0,41672084480.0,0.43,0.6006
887,★,核心+折价,513330,恒生互联网ETF华夏,ETF,上交所,0.384,-0.26,-0.001,1402293791.0,5.33,68731482112.0,26392889131.0,26392889131.0,0.34,0.3853
893,★,核心资产,513500,标普500ETF博时,ETF,上交所,2.672,-0.11,-0.003,228746612.0,0.84,10205638656.0,27269466489.0,27269466489.0,-9.09,2.4493
895,★,折价机会,513530,港股通红利ETF华泰柏瑞,ETF,上交所,1.626,0.93,0.015,270047522.0,5.85,2841938704.0,4620992333.0,4620992333.0,0.57,1.6354
898,★,折价机会,513580,恒生科技ETF华安,ETF,上交所,0.595,0.34,0.002,64496024.0,1.8,6064118016.0,3608150220.0,3608150220.0,1.34,0.6031
905,★,折价机会,513690,港股红利ETF博时,ETF,上交所,1.173,1.03,0.012,141665118.0,3.84,3149979904.0,3694926427.0,3694926427.0,0.46,1.1784
910,★,折价机会,513770,港股互联网ETF华宝,ETF,上交所,0.363,-0.55,-0.002,435792700.0,8.11,14889137920.0,5404757065.0,5404757065.0,0.58,0.3651
911,★,折价机会,513780,港股创新药ETF景顺,ETF,上交所,1.717,-1.27,-0.022,697282052.0,22.46,1814157008.0,3114907583.0,3114907583.0,0.43,1.7245
914,★,折价机会,513820,港股通红利ETF汇添富,ETF,上交所,1.274,1.19,0.015,139564973.0,6.36,1727169008.0,2200413316.0,2200413316.0,0.34,1.2783
965,★,核心资产,515450,红利低波50ETF南方,ETF,上交所,1.398,-0.85,-0.012,179123940.0,0.9,14135334912.0,19761198207.0,19761198207.0,-0.19,1.3953
992,★,核心资产,515880,通信ETF国泰,ETF,上交所,0.677,1.96,0.013,3147587720.0,7.4,62927773952.0,42602102966.0,42602102966.0,0.22,0.6785
1115,★,核心资产,518800,黄金ETF国泰,ETF,上交所,9.838,1.64,0.159,1033909229.0,2.89,3652479200.0,35933090370.0,35933090370.0,-0.25,9.813
1118,★,核心资产,518880,黄金ETF华安,ETF,上交所,9.388,1.67,0.154,7684951957.0,7.26,11332440832.0,106388954531.0,106388954531.0,-0.22,9.3675
1120,★,折价机会,520500,恒生创新药ETF华泰柏瑞,ETF,上交所,1.448,-1.83,-0.027,1662833574.0,52.7,2181805008.0,3159253652.0,3159253652.0,0.58,1.4565
1134,★,折价机会,520660,港股通央企红利ETF南方,ETF,上交所,0.999,1.22,0.012,65368395.0,2.74,2391485504.0,2389094018.0,2389094018.0,0.51,1.0041
1155,★,折价机会,520880,港股通创新药ETF华宝,ETF,上交所,0.465,-1.9,-0.009,556944980.0,24.35,4943618048.0,2298782392.0,2298782392.0,0.49,0.4673
1159,★,折价机会,520920,恒生科技ETF天弘,ETF,上交所,0.702,0.29,0.002,118769791.0,0.9,18775019008.0,13180063344.0,13180063344.0,0.9,0.7084
1165,★,折价机会,520980,港股通科技ETF汇添富,ETF,上交所,0.891,-0.11,-0.001,275504368.0,9.44,3288387008.0,2929952824.0,2929952824.0,0.54,0.8958
1400,★,核心资产,563360,A500ETF华泰柏瑞,ETF,上交所,1.291,0.55,0.007,4802636780.0,11.56,32209987328.0,41583093640.0,41583093640.0,0.08,1.292
1438,★,核心资产,588000,科创50ETF华夏,ETF,上交所,1.745,0.06,0.001,4652314628.0,5.37,49604668160.0,86560145939.0,86560145939.0,0.04,1.7457
1446,★,核心资产,588080,科创50ETF易方达,ETF,上交所,1.692,0.0,0.0,1385876797.0,3.37,24286628096.0,41092974738.0,41092974738.0,0.04,1.6927
1455,★,核心资产,588170,科创半导体ETF华夏,ETF,上交所,1.012,-0.69,-0.007,5113704367.0,12.02,41889446912.0,42392120275.0,42392120275.0,0.05,1.0125
1458,★,核心资产,588200,科创芯片ETF嘉实,ETF,上交所,1.173,0.09,0.001,2655571620.0,5.31,42572684288.0,49937758670.0,49937758670.0,0.06,1.1737
