债券代码,债券简称,正股代码,正股简称,正股价,转股价,转股价值,债现价,转股溢价率,发行规模,信用评级,上市时间,双低
113658,密卫转债,603713,密尔克卫,60.8,54.72,111.1111,111.192,0.07,8.72388,AA-,2022-10-25,111.26199999999999
110081,闻泰转债,600745,*ST闻泰,17.11,18.36,93.1917,103.681,11.26,86.0,BBB+,2021-08-20,114.941
127061,美锦转债,000723,美锦能源,3.65,3.47,105.1873,110.54,5.09,35.9,A,2022-05-30,115.63000000000001
128134,鸿路转债,002541,鸿路钢构,19.2,17.49,109.777,115.88,5.56,18.8,AA,2020-11-02,121.44
118053,正帆转债,688596,正帆科技,47.85,38.57,124.0602,122.675,-1.12,10.41095,AA,2025-04-03,121.55499999999999
113605,大参转债,603233,大参林,18.59,16.86,110.261,116.61,5.76,14.05,AA,2020-11-13,122.37
113042,上银转债,601229,上海银行,9.42,8.35,112.8144,118.94,5.43,200.0,AAA,2021-02-10,124.37
128128,齐翔转2,002408,齐翔腾达,5.1,5.37,94.9721,110.099,15.93,29.9,AA,2020-09-15,126.029
128127,文科转债,002775,文科股份,3.85,3.92,98.2143,114.72,16.81,9.5,BBB+,2020-09-11,131.53
110075,南航转债,600029,南方航空,5.18,6.17,83.9546,106.829,27.25,160.0,AAA,2020-11-03,134.079
110076,华海转债,600521,华海药业,17.04,16.5,103.2727,119.283,15.5,18.426,AA,2020-11-25,134.78300000000002
113056,重银转债,601963,重庆银行,11.14,9.22,120.8243,128.501,6.35,130.0,AAA,2022-04-14,134.851
113062,常银转债,601128,常熟银行,6.29,5.25,119.8095,130.021,8.52,60.0,AAA,2022-10-17,138.541
127027,能化转债,000552,甘肃能化,2.57,2.93,87.7133,112.289,28.02,28.0,AAA,2021-01-22,140.309
128142,新乳转债,002946,新乳业,17.26,17.5,98.6286,119.8,21.47,7.18,AA,2021-01-19,141.26999999999998
128129,青农转债,002958,青农商行,3.13,3.88,80.6701,107.895,33.75,50.0,AAA,2020-09-18,141.64499999999998
123064,万孚转债,300482,万孚生物,17.41,20.88,83.3812,109.94,31.85,6.0,AA,2020-09-23,141.79
113052,兴业转债,601166,兴业银行,18.56,20.13,92.2007,117.98,27.96,500.0,AAA,2022-01-14,145.94
123107,温氏转债,300498,温氏股份,13.48,16.09,83.7787,113.031,34.92,92.97,AAA,2021-04-21,147.95100000000002
127030,盛虹转债,000301,东方盛虹,12.28,13.21,92.9599,119.997,29.08,50.0,AA+,2021-04-21,149.077
123092,天壕转债,300332,天壕能源,4.8,4.97,96.5795,122.55,26.89,4.23,A+,2021-01-15,149.44
127040,国泰转债,002091,江苏国泰,7.83,7.35,106.5306,129.0,21.09,45.574186,AA+,2021-08-10,150.09
113681,镇洋转债,603213,镇洋发展,13.89,10.95,126.8493,139.864,10.26,6.6,AA-,2024-01-17,150.124
113043,财通转债,601108,财通证券,8.52,7.98,106.7669,130.0,21.76,38.0,AAA,2020-12-28,151.76
128136,立讯转债,002475,立讯精密,55.48,55.67,99.6587,126.14,26.57,30.0,AA+,2020-12-02,152.71
127067,恒逸转2,000703,恒逸石化,15.77,10.32,152.8101,153.959,0.75,30.0,AA+,2022-08-18,154.709
113051,节能转债,601016,节能风电,3.67,3.33,110.2102,133.928,21.52,30.0,AAA,2021-07-22,155.448
113058,友发转债,601686,友发集团,5.26,4.48,117.4107,139.408,18.74,20.0,AA,2022-04-26,158.148
127056,中特转债,000708,中信特钢,14.33,13.89,103.1677,131.562,27.52,50.0,AAA,2022-04-15,159.08200000000002
113631,皖天转债,603689,皖天然气,7.5,6.51,115.2074,138.957,20.61,9.3,AA+,2021-12-10,159.567
123112,万讯转债,300112,万讯自控,8.35,6.43,129.86,148.273,14.18,2.457212,AA-,2021-04-23,162.453
127110,广核转债,003816,中国广核,4.07,3.58,113.6872,139.713,22.89,49.0,AAA,2025-07-25,162.603
127045,牧原转债,002714,牧原股份,38.02,43.32,87.7655,122.905,40.04,95.5,AAA,2021-09-10,162.945
113610,灵康转债,603669,灵康药业,5.64,6.5,86.7692,123.012,41.77,5.25,A-,2020-12-22,164.782
113039,嘉泽转债,601619,嘉泽新能,4.73,2.89,163.6678,164.987,0.81,13.0,AA,2020-09-17,165.797
113697,应流转债,603308,应流股份,45.47,30.31,150.0165,159.564,6.36,15.0,AA+sti,2025-10-22,165.924
113046,金田转债,601609,金田股份,10.19,10.18,100.0982,133.428,33.3,15.0,AA+,2021-04-12,166.728
123104,卫宁转债,300253,卫宁健康,7.74,7.02,110.2564,140.0,26.98,9.70265,AA,2021-03-31,166.98
123149,通裕转债,300185,通裕重工,2.88,2.71,106.2731,137.7,29.57,14.8472,AA,2022-07-15,167.26999999999998
123088,威唐转债,300707,威唐工业,11.93,14.97,79.6927,118.648,48.88,3.0138,A+,2021-01-06,167.528
127089,晶澳转债,002459,晶澳科技,7.79,8.9,87.5281,125.118,42.95,89.603077,AA+sti,2023-08-04,168.06799999999998
127084,柳工转2,000528,柳工,8.5,6.98,121.7765,147.83,21.39,30.0,AAA,2023-04-20,169.22000000000003
118031,天23转债,688599,天合光能,14.29,16.0,89.3125,127.457,42.71,88.64751,AA,2023-03-15,170.167
123071,天能转债,300569,天能重工,4.95,6.68,74.1018,115.452,55.8,7.0,AA-,2020-11-25,171.252
111017,蓝天转债,605368,蓝天燃气,6.78,6.72,100.8929,136.272,35.07,8.7,AA,2023-09-08,171.34199999999998
113048,晶科转债,601778,晶科科技,3.86,4.47,86.3535,126.02,45.94,30.0,AA,2021-05-31,171.95999999999998
111002,特纸转债,605007,五洲特纸,15.71,13.49,116.4566,146.79,26.05,6.7,AA,2021-12-30,172.84
127034,绿茵转债,002887,绿茵生态,9.84,11.21,87.7788,127.579,45.34,7.12,AA-,2021-05-28,172.91899999999998
127047,帝欧转债,002798,帝欧水华,5.41,5.1,106.0784,140.5,32.45,15.0,BBB+,2021-11-26,172.95
123150,九强转债,300406,九强生物,11.74,11.6,101.2069,137.542,35.9,11.39,AA-,2022-07-20,173.442
128138,侨银转债,002973,侨银股份,9.57,10.6,90.283,130.121,44.13,4.2,A+,2020-12-24,174.251
113070,渝水转债,601158,重庆水务,4.2,4.72,88.9831,129.553,45.59,19.0,AAA,2025-02-13,175.143
123114,三角转债,300775,三角防务,21.73,22.69,95.7691,134.68,40.63,9.043727,AA-,2021-06-11,175.31
110098,南药转债,600713,南京医药,5.11,4.95,103.2323,140.015,35.63,10.81491,AA+,2025-01-20,175.64499999999998
123173,恒锋转债,300605,恒锋信息,11.21,10.0,112.1,146.449,30.64,2.424357,BBB+sti,2023-02-08,177.089
113067,燃23转债,601139,深圳燃气,6.49,7.24,89.6409,131.042,46.19,30.0,AAA,2023-08-18,177.232
127050,麒麟转债,002984,森麒麟,14.67,15.07,97.3457,136.929,40.66,21.989391,AA,2021-12-06,177.589
127046,百润转债,002568,百润股份,19.61,20.33,96.4584,136.308,41.31,11.28,AA,2021-11-03,177.618
110099,福能转债,600483,福能股份,10.86,9.49,114.4362,148.41,29.69,38.02,AA+,2025-10-30,178.1
111000,起帆转债,605222,起帆电缆,19.32,17.29,111.7409,146.808,31.38,10.0,AA-,2021-06-17,178.188
113661,福22转债,603806,福斯特,15.24,14.59,104.4551,142.53,36.45,30.3,AA,2022-12-22,178.98000000000002
123091,长海转债,300196,长海股份,16.43,14.99,109.6064,146.199,33.39,5.5,AA,2021-01-15,179.589
127031,洋丰转债,000902,新洋丰,13.59,16.89,80.4618,124.772,55.07,10.0,AA,2021-04-23,179.842
113054,绿动转债,601330,绿色动力,7.29,8.67,84.083,128.325,52.62,23.6,AA+,2022-03-23,180.945
113691,和邦转债,603077,和邦生物,2.39,2.0,119.5,153.615,28.55,46.0,AA,2024-11-19,182.16500000000002
113640,苏利转债,603585,苏利股份,9.99,10.84,92.1587,135.399,46.92,9.57211,AA-,2022-03-10,182.31900000000002
123171,共同转债,300966,共同药业,24.92,27.08,92.0236,135.313,47.04,3.8,A-,2022-12-16,182.35299999999998
127060,湘佳转债,002982,湘佳股份,11.75,13.8,85.1449,129.9,52.56,6.4,A+,2022-06-10,182.46
123157,科蓝转债,300663,科蓝软件,10.55,8.8,119.8864,154.11,28.55,4.946,A-sti,2022-09-20,182.66000000000003
110087,天业转债,600075,新疆天业,4.62,5.6,82.5,127.84,54.96,30.0,AA+,2022-07-19,182.8
123119,康泰转2,300601,康泰生物,12.46,15.69,79.4136,125.2,57.66,20.0,AA,2021-08-05,182.86
123080,海波转债,300517,海波重科,9.43,11.28,83.5993,128.8,54.07,2.45,A+,2020-12-22,182.87
127082,亚科转债,002540,亚太科技,5.22,5.22,100.0,141.5,41.5,11.59,AA,2023-04-27,183.0
123172,漱玉转债,301017,漱玉平民,13.85,14.91,92.8907,136.35,46.79,8.0,AA-,2023-01-06,183.14
110093,神马转债,600810,神马股份,6.37,8.08,78.8366,124.837,58.35,30.0,AAA,2023-04-20,183.187
110084,贵燃转债,600903,贵州燃气,6.41,7.1,90.2817,134.813,49.32,10.0,AA,2022-01-18,184.13299999999998
127078,优彩转债,002998,优彩资源,7.32,6.11,119.8036,154.998,29.38,6.0,A+,2023-01-09,184.378
118034,晶能转债,688223,晶科能源,4.55,6.35,71.6535,118.954,66.01,100.0,AA+sti,2023-05-19,184.964
123189,晓鸣转债,300967,晓鸣股份,14.93,15.18,98.3531,141.381,43.75,3.29,A,2023-04-25,185.131
127108,太能转债,000591,太阳能,4.56,5.54,82.3105,128.845,56.54,29.5,AA+,2025-04-16,185.385
127103,东南转债,002135,东南网架,6.23,5.59,111.449,150.497,35.04,20.0,AA,2024-01-24,185.537
123194,百洋转债,301015,百洋医药,23.6,24.79,95.1997,139.296,46.32,8.6,AA-,2023-05-05,185.61599999999999
113667,春23转债,603890,春秋电子,17.39,9.95,174.7739,181.783,4.01,5.7,AA-,2023-04-11,185.79299999999998
110097,天润转债,600419,天润乳业,8.73,8.19,106.5934,147.48,38.36,9.9,AA,2024-11-15,185.83999999999997
118007,山石转债,688030,山石网科,16.99,16.5,102.9697,145.716,41.51,2.6743,A-,2022-04-21,187.226
123178,花园转债,300401,花园生物,12.86,13.34,96.4018,141.499,46.78,12.0,AA-,2023-03-23,188.279
111015,东亚转债,605177,东亚药业,16.6,20.28,81.854,129.874,58.67,6.9,A+,2023-08-02,188.54399999999998
113695,华辰转债,603097,江苏华辰,19.79,16.68,118.6451,156.589,31.98,4.6,A+,2025-07-10,188.569
123133,佩蒂转债,300673,佩蒂股份,12.92,15.0,86.1333,133.74,55.27,7.2,AA-,2022-01-21,189.01000000000002
123076,强力转债,300429,强力新材,9.78,12.7,77.0079,126.001,63.62,8.5,AA-,2020-12-04,189.621
113053,隆22转债,601012,隆基绿能,13.07,17.5,74.6857,123.982,66.0,70.0,AAA,2022-02-17,189.982
111004,明新转债,605068,明新旭腾,21.47,24.37,88.1001,135.917,54.28,6.73,AA-,2022-04-25,190.197
127099,盛航转债,001205,盛航股份,13.52,15.33,88.1931,136.25,54.49,7.4,AA-,2023-12-28,190.74
123183,海顺转债,300501,海顺新材,10.08,11.63,86.6724,135.019,55.78,6.33,AA-,2023-04-20,190.799
127095,广泰转债,002111,威海广泰,9.6,8.83,108.7203,151.6,39.44,7.0,AA-,2023-11-10,191.04
113659,莱克转债,603355,莱克电气,28.57,31.72,90.0694,138.178,53.41,12.0,AA,2022-11-15,191.588
127105,龙星转债,002442,龙星科技,4.9,5.8,84.4828,133.835,58.42,7.547539,AA-,2024-03-06,192.255
113066,平煤转债,601666,平煤股份,8.02,7.46,107.5067,151.561,40.98,29.0,AAA,2023-04-10,192.541
123216,科顺转债,300737,科顺股份,5.01,6.61,75.7943,126.175,66.47,21.98,AA-,2023-08-23,192.64499999999998
123199,山河转债,300452,山河药辅,12.28,13.0,94.4615,142.318,50.66,3.2,A+,2023-07-07,192.978
113652,伟22转债,603568,伟明环保,15.59,19.02,81.9664,132.084,61.14,14.77,AA,2022-08-12,193.224
127054,双箭转债,002381,双箭股份,5.35,6.96,76.8678,128.0,66.52,5.1364,AA,2022-03-15,194.51999999999998
127049,希望转2,000876,新希望,6.92,10.59,65.3447,116.895,78.89,81.5,AAA,2021-11-29,195.785
118039,煜邦转债,688597,煜邦电力,6.54,7.3,89.589,139.998,56.27,4.10806,A,2023-08-15,196.268
123225,翔丰转债,300890,翔丰华,25.81,27.34,94.4038,144.035,52.57,8.0,AA-,2023-10-26,196.605
113649,丰山转债,603810,丰山集团,11.54,13.61,84.7906,136.12,60.54,5.0,AA-,2022-07-21,196.66
113636,甬金转债,603995,甬金股份,20.43,26.22,77.9176,130.501,67.49,10.0,AA-,2021-12-31,197.99099999999999
127093,章鼓转债,002598,ST章鼓,6.62,8.3,79.759,133.085,66.86,2.43,A,2023-11-03,199.945
123142,申昊转债,300853,申昊科技,24.88,33.71,73.806,127.499,72.75,5.5,BBB+,2022-04-11,200.249
127064,杭氧转债,002430,杭氧股份,23.68,25.67,92.2478,144.583,56.73,11.37,AA+,2022-07-05,201.313
127102,浙建转债,002761,浙江建投,7.38,10.17,72.5664,126.705,74.61,10.0,AA+,2024-01-16,201.315
110086,精工转债,600496,精工钢构,3.33,4.57,72.8665,127.018,74.32,20.0,AA,2022-05-23,201.338
118044,赛特转债,688398,赛特新材,20.4,18.85,108.2228,156.8,44.89,4.42,A+,2023-10-12,201.69
113643,风语转债,603466,风语筑,11.13,11.8,94.322,146.869,55.71,5.0,AA-,2022-04-22,202.579
123155,中陆转债,301040,中环海陆,25.6,31.76,80.6045,135.365,67.94,3.6,A+,2022-08-31,203.305
123160,泰福转债,300992,泰福泵业,22.03,19.7,111.8274,160.471,43.5,3.3489,A,2022-10-25,203.971
127114,宜化转债,000422,湖北宜化,13.31,14.08,94.5313,147.85,56.4,33.0,AA+,2026-07-14,204.25
113665,汇通转债,603176,汇通集团,4.49,6.28,71.4968,126.868,77.45,3.6,A+,2023-01-11,204.31799999999998
127069,小熊转债,002959,小熊电器,34.35,43.71,78.5861,134.001,70.51,5.36,AA-,2022-09-07,204.51100000000002
113680,丽岛转债,603937,丽岛新材,10.67,12.91,82.6491,137.796,66.72,3.0,A+,2023-12-05,204.516
110095,双良转债,600481,双良节能,4.33,6.18,70.0647,125.463,79.07,26.0,AA-,2023-09-08,204.533
113674,华设转债,603018,华设集团,5.41,6.95,77.8417,133.369,71.33,4.0,AA,2023-08-15,204.699
123222,博俊转债,300926,博俊科技,18.18,16.46,110.4496,159.919,44.79,5.0,A+,2023-09-28,204.709
127083,山路转债,000498,山东路桥,5.1,7.42,68.7332,124.125,80.59,48.36,AAA,2023-04-26,204.715
127059,永东转2,002753,永东股份,6.11,8.11,75.3391,130.951,73.82,3.8,AA-,2022-05-16,204.771
127072,博实转债,002698,博实股份,13.26,14.81,89.5341,144.129,60.98,4.5,AA,2022-11-03,205.10899999999998
110090,爱迪转债,600933,爱柯迪,13.89,17.15,80.9913,136.563,68.61,15.7,AA,2022-10-28,205.173
113694,清源转债,603628,清源股份,9.52,12.85,74.0856,129.878,75.31,5.0,A+,2025-04-25,205.188
118016,京源转债,688096,京源环保,8.3,6.91,120.1158,166.608,38.71,3.325,A,2022-08-25,205.318
123122,富瀚转债,300613,富瀚微,70.3,91.5,76.8306,132.7,72.72,5.8119,A+,2021-08-24,205.42
123187,超达转债,301186,超达装备,32.97,21.77,151.447,184.0,21.49,4.69,A,2023-04-25,205.49
113686,泰瑞转债,603289,泰瑞机器,8.18,8.0,102.25,154.507,51.11,3.378,AA-,2024-07-24,205.61700000000002
113688,国检转债,603060,国检集团,5.51,6.45,85.4264,140.832,64.86,8.0,AA+,2024-11-12,205.692
118037,上声转债,688533,上声电子,21.69,28.64,75.7332,131.889,74.15,5.2,A+,2023-08-01,206.03900000000002
123214,东宝转债,300239,东宝生物,4.9,6.62,74.0181,130.29,76.02,4.55,A+,2023-08-18,206.31
110100,龙建转债,600853,龙建股份,3.27,4.59,71.2418,127.519,78.99,10.0,AA,2026-02-12,206.50900000000001
113627,太平转债,603877,太平鸟,13.17,20.61,63.901,119.559,87.1,8.0,AA,2021-08-06,206.659
123257,安克转债,300866,安克创新,119.45,106.92,111.719,162.661,45.6,11.0482,AA+,2025-07-04,208.261
111020,合顺转债,605166,聚合顺,8.53,10.53,81.0066,138.161,70.56,3.38,AA-,2024-08-15,208.721
123144,裕兴转债,300305,裕兴股份,6.24,8.5,73.4118,130.959,78.39,6.0,A,2022-04-27,209.349
113692,保隆转债,603197,保隆科技,30.0,39.16,76.6088,134.19,75.16,13.9,AA,2024-11-27,209.35
127111,金威转债,002626,金达威,14.3,19.19,74.518,132.3,77.54,12.923948,AA,2025-09-08,209.84000000000003
123237,佳禾转债,300793,佳禾智能,11.19,13.46,83.1352,140.717,69.26,10.04,A+,2024-01-24,209.97700000000003
111021,奥锐转债,605116,奥锐特,20.22,24.6,82.1951,140.619,71.08,8.1212,AA-,2024-08-15,211.699
113678,中贝转债,603220,中贝通信,19.03,20.47,92.9653,150.475,61.86,5.17,A+,2023-11-21,212.33499999999998
127104,姚记转债,002605,姚记科技,18.99,19.58,96.9867,153.989,58.77,5.831273,A+,2024-02-26,212.75900000000001
123215,铭利转债,301268,铭利达,13.28,19.19,69.2027,128.35,85.47,10.0,A+,2023-08-23,213.82
113682,益丰转债,603939,益丰药房,22.44,31.44,71.374,130.797,83.26,17.97432,AA,2024-03-27,214.05700000000002
127109,电化转债,002125,湘潭电化,12.61,9.99,126.2262,175.9,39.35,4.87,AA,2025-07-04,215.25
123211,阳谷转债,300121,阳谷华泰,9.5,9.2,103.2609,160.193,55.13,6.5,AA-,2023-08-14,215.323
111018,华康转债,605077,华康股份,11.05,15.96,69.2356,129.41,86.91,13.03023,AA-,2024-01-15,216.32
123243,严牌转债,301081,严牌股份,11.52,7.22,159.5568,194.5,21.9,4.678889,A+,2024-07-26,216.4
123220,易瑞转债,300942,易瑞生物,6.55,8.85,74.0113,134.608,81.87,3.281967,A+,2023-09-06,216.478
123124,晶瑞转2,300655,晶瑞电材,12.07,15.88,76.0076,137.039,80.3,5.23,A+sti,2021-09-07,217.339
123224,宇邦转债,301266,宇邦新材,21.29,28.17,75.5769,136.667,80.83,5.0,A+,2023-10-18,217.497
127038,国微转债,002049,紫光国微,65.55,97.01,67.5704,128.05,89.51,15.0,AA+sti,2021-07-14,217.56
123209,聚隆转债,300644,南京聚隆,21.23,17.52,121.1758,175.0,44.42,2.185,A+,2023-08-17,219.42000000000002
113646,永吉转债,603058,永吉股份,9.81,8.05,121.8634,175.468,43.99,1.45868,AA-,2022-05-17,219.458
113696,伯25转债,603596,伯特利,26.69,35.16,75.9101,137.961,81.74,28.02,AA,2025-07-28,219.70100000000002
123223,九典转02,300705,九典制药,11.13,14.55,76.4948,138.755,81.39,3.6,A+,2023-10-13,220.14499999999998
113647,禾丰转债,603609,禾丰股份,6.19,10.09,61.3479,122.199,99.19,15.0,AA,2022-05-18,221.389
127053,豪美转债,002988,豪美新材,20.75,17.23,120.4295,175.606,45.82,8.24,AA-,2022-03-04,221.426
123253,永贵转债,300351,永贵电器,13.93,18.19,76.5805,139.45,82.1,9.8,AA-,2025-03-28,221.54999999999998
123247,万凯转债,301216,万凯新材,16.4,11.15,147.0852,191.5,30.2,27.0,AA,2024-09-05,221.7
113655,欧22转债,603833,欧派家居,33.05,51.54,64.125,125.765,96.12,20.0,AA,2022-09-01,221.885
118012,微芯转债,688321,微芯生物,26.88,25.34,106.0773,165.908,56.4,5.0,A+,2022-07-28,222.308
113698,凯众转债,603037,凯众股份,10.05,12.55,80.0797,143.908,79.71,3.08447,AA-,2025-09-10,223.618
111003,聚合转债,605166,聚合顺,8.53,11.31,75.42,139.301,84.7,2.04,AA-,2022-04-19,224.00099999999998
111022,锡振转债,605319,无锡振华,23.37,22.39,104.377,165.472,58.53,5.2,AA-,2025-07-14,224.002
123252,银邦转债,300337,银邦股份,9.78,12.5,78.24,142.3,81.88,7.85,AA-,2025-01-24,224.18
118036,力合转债,688589,力合微,17.83,23.83,74.8217,139.184,86.02,3.8,AA-sti,2023-07-20,225.204
118024,冠宇转债,688772,珠海冠宇,14.74,22.51,65.482,128.714,96.56,30.89043,AA,2022-11-17,225.274
123261,普联转债,300996,普联软件,18.05,12.97,139.1673,190.0,36.53,2.429326,A+,2025-12-22,226.53
123165,回天转债,300041,回天新材,10.63,15.05,70.6312,135.3,91.56,8.5,AA-,2022-11-15,226.86
123192,科思转债,300856,科思股份,11.2,17.32,64.6651,128.44,98.62,7.249178,AA-,2023-05-11,227.06
110101,宝钛转债,600456,宝钛股份,28.91,30.98,93.3183,158.967,70.35,35.0,AAA,2026-07-16,229.317
127112,尚太转债,001301,尚太科技,53.61,60.02,89.3202,155.453,74.04,17.34,AA+,2026-02-05,229.493
127088,赫达转债,002810,山东赫达,20.16,16.61,121.3727,181.3,49.37,6.0,AA-,2023-07-19,230.67000000000002
118035,国力转债,688103,国力电子,65.41,62.31,104.9751,169.371,61.34,4.8,A+,2023-07-06,230.711
113705,豪26转债,603809,豪能股份,9.55,10.74,88.9199,155.916,75.34,18.0,AA-,2026-07-10,231.256
123235,亿田转债,300911,亿田智能,21.7,21.31,101.8301,167.522,64.51,5.2021,A+,2024-01-12,232.03199999999998
123276,久吾转02,300631,久吾高科,20.98,23.78,88.2254,157.3,78.29,3.0,A+,2026-08-04,235.59000000000003
113706,金帝转债,603270,金帝股份,24.84,30.62,81.1234,151.49,86.74,9.7,AA,2026-07-10,238.23000000000002
123269,金杨转债,301210,金杨精密,23.64,28.24,83.711,155.173,85.37,9.8,AA-,2026-05-11,240.543
118052,浩瀚转债,688292,浩瀚深度,17.25,24.2,71.281,142.293,99.62,3.5429,A+,2025-04-07,241.913
113704,春风转债,603129,春风动力,300.5,241.7,124.3277,190.471,53.2,21.78763,AA+,2026-07-07,243.671
113673,岱美转债,603730,岱美股份,9.87,7.12,138.6236,199.949,44.24,9.07939,AA,2023-08-10,244.18900000000002
123195,蓝晓转02,300487,蓝晓科技,63.42,59.21,107.1103,178.305,66.47,5.460645,A+,2023-05-08,244.775
127113,长高转债,002452,长高电气,11.39,10.92,104.304,176.2,68.93,7.586007,AA-,2026-03-30,245.13
123266,博士转债,300622,博士眼镜,16.11,21.54,74.7911,148.529,98.59,3.75,AA,2026-04-07,247.119
123263,鼎捷转债,300378,鼎捷数智,35.35,43.42,81.4141,157.91,93.96,8.276642,AA,2025-12-31,251.87
123259,锦浪转02,300763,锦浪科技,62.1,72.41,85.7616,164.03,91.26,16.765838,AA,2025-11-06,255.29000000000002
127055,精装转债,002989,中天精装,21.8,18.5,117.8378,198.4,68.37,5.77,AA-,2022-03-24,266.77
123272,中汽转债,301215,中汽股份,5.33,5.99,88.9816,173.271,94.73,10.3904,AA+,2026-06-30,268.001
113699,金25转债,603979,金诚信,71.53,62.8,113.9013,196.138,72.2,20.0,AA,2025-10-27,268.338
118059,颀中转债,688352,颀中科技,14.74,13.7,107.5912,191.829,78.29,8.5,AA+sti,2025-11-21,270.119
118060,瑞可转债,688800,瑞可达,49.8,52.53,94.803,184.124,94.22,10.0,AA-,2025-12-12,278.344
